MessageID,TEC,Entrada SW Ida,Duracao SW Ida,Saida SW Ida,Entrada SA Ida,Duracao SA Ida,Saida SA Ida,Entrada DB,Duracao DB,Saida DB,Entrada SA Volta,Duracao SA Ida,Saida SA Volta,Entrada SW Volta,Duracao SW,Saida SW Volta,Recepcao da resposta,Interacao,
0,0.0005,0.000502113579329449,0.009,0.009502113579329449,0.009507826714979625,0.044,0.053507826714979626,0.05351752358839424,0.24,0.2935175235883942,0.2935543622382634,0.087,0.3805175235883942,0.29354493866134396,0.012,0.30551752358839424,0.31052008271568926,3,
1,0.001,0.00950437510921196,0.01,0.01950437510921196,0.05351348743654127,0.046,0.09951348743654126,0.29352741059658166,0.241,0.5345274105965816,0.534563560673556,0.086,0.6205274105965816,0.5345537812857999,0.01,0.5445274105965816,0.5495300927588428,3,
2,0.0015,0.019506657774887765,0.006,0.025506657774887767,0.0995188336735717,0.052,0.1515188336735717,0,0,0,0,0,0,0.15154572655465573,0.007,0.1585188336735717,0.16352146662184638,2,
3,0.002,0.025508813625803806,0.011,0.036508813625803806,0.15152407508242507,0.043,0.19452407508242509,0.5345376778743147,0.41200000000000003,0.9465376778743148,0.9465741722377365,0.082,1.0285376778743147,0.9465650929472645,0.009,0.9555376778743148,0.9605403354295827,3,
4,0.0025,0.03651099061251314,0.009,0.04551099061251314,0.19452936890536698,0.055,0.24952936890536698,0.9465479451520479,0.193,1.1395479451520478,1.1395834066561275,0.065,1.2045479451520478,1.1395740547453332,0.009,1.1485479451520477,1.1535504058513697,3,
5,0.003,0.04551329441398224,0.007,0.05251329441398224,0.24953487238466301,0.046,0.295534872384663,0,0,0,0,0,0,0.29556176526574707,0.008,0.30353487238466303,0.3085374807259445,2,
6,0.0035,0.05251540799331169,0.007,0.05951540799331169,0.2955402186216935,0.055,0.3505402186216935,0,0,0,0,0,0,0.3505673725987104,0.01,0.3605402186216935,0.36554270392800886,2,
7,0.004,0.05951762725160761,0.006,0.06551762725160762,0.350545669686901,0.055,0.405545669686901,0,0,0,0,0,0,0.4055730847598507,0.009,0.414545669686901,0.4195483026351757,2,
8,0.0045000000000000005,0.06551978310252365,0.007,0.07251978310252366,0.40555133040846264,0.046,0.4515513304084626,0,0,0,0,0,0,0.4515774400017481,0.01,0.46155133040846263,0.46655398796373054,2,
9,0.005000000000000001,0.07252208690399276,0.009,0.08152208690399275,0.451556571817316,0.052,0.5035565718173161,1.139557546958076,0.373,1.512557546958076,1.5125936970350504,0.098,1.6105575469580762,1.5125839176472944,0.011,1.523557546958076,1.5285601799063506,3,
10,0.005500000000000001,0.08152432729808197,0.011,0.09252432729808197,0.5035622325388777,0.055,0.5585622325388777,1.5125674339662636,0.078,1.5905674339662637,1.590603584043238,0.096,1.6865674339662637,1.590593804655482,0.011,1.6015674339662636,1.6065698946655855,3,
11,0.006000000000000002,0.0925265254205846,0.009,0.10152652542058459,0.5585678408463508,0.048,0.6065678408463508,1.5905771308396783,0.09999999999999999,1.6905771308396784,1.6906139694895477,0.11,1.8005771308396785,1.6906040237207625,0.009,1.6995771308396783,1.7045796161459936,3,
12,0.006500000000000002,0.10152874467888051,0.012,0.11352874467888051,0.6065736063960896,0.04,0.6465736063960896,1.6905869227804795,0.16799999999999998,1.8585869227804794,1.8586244500032434,0.117,1.9755869227804794,1.8586138156615635,0.011,1.8695869227804793,1.8745895311217606,3,
13,0.007000000000000003,0.1135310484803496,0.004,0.1175310484803496,0,0,0,0,0,0,0,0,0,0,0,0,0.12253375524960397,1,
14,0.007500000000000003,0.11753331001023212,0.01,0.12753331001023213,0.6465792671176512,0.041,0.6875792671176513,1.8585969048560533,0.29200000000000004,2.1505969048560534,2.1506347763652647,0.094,2.2445969048560532,2.1506251032168016,0.012,2.1625969048560534,2.167599562411321,3,
15,0.008000000000000004,0.12753542358956158,0.012,0.13953542358956159,0.6875846133546817,0.045,0.7325846133546817,2.1506070770664,0.261,2.4116070770664,2.4116442600027166,0.11,2.5216070770664,2.4116337088515514,0.012,2.4236070770664,2.4286095623727153,3,
16,0.008500000000000004,0.1395376639836508,0.006,0.1455376639836508,0.7325903789044205,0.058,0.7905903789044205,0,0,0,0,0,0,0.7906185772651688,0.009,0.7995903789044205,0.8045928888177292,2,
17,0.009000000000000005,0.14553986210615344,0.004,0.14953986210615344,0,0,0,0,0,0,0,0,0,0,0,0,0.15454239662645525,1,
18,0.009500000000000005,0.1495419968212762,0.005,0.1545419968212762,0.7905957775555394,0.049,0.8395957775555395,0,0,0,0,0,0,0.8396221482447578,0.009,0.8485957775555395,0.8535982382548617,2,
19,0.010000000000000005,0.15454415267219224,0.012,0.16654415267219225,0.8396013334489241,0.052,0.8916013334489241,2.411617344344133,0.29600000000000004,2.7076173443441327,2.7076534944211073,0.093,2.8006173443441327,2.707645542704881,0.011,2.718617344344133,2.723620026506394,3,
20,0.010500000000000006,0.1665462662515217,0.005,0.1715462662515217,0,0,0,0,0,0,0,0,0,0,0,0,0.17654897302077605,1,
21,0.011000000000000006,0.17154837983085114,0.011,0.18254837983085115,0.8916069417563972,0.047,0.9386069417563973,2.70762723135232,0.333,3.04062723135232,3.0406651028615315,0.075,3.1156272313523203,3.040654385329337,0.01,3.05062723135232,3.0556298889075877,3,
22,0.011500000000000007,0.18255057795335378,0.009,0.19155057795335378,0.9386126548920475,0.047,0.9856126548920475,3.040637498630053,0.089,3.129637498630053,3.1296746815663696,0.091,3.220637498630053,3.129665958086734,0.01,3.139637498630053,3.144639959329375,3,
23,0.012000000000000007,0.19155275494006313,0.012,0.20355275494006314,0.9856181583713436,0.04,1.0256181583713435,3.129647290570854,0.269,3.398647290570854,3.3986817192155914,0.082,3.480647290570854,3.3986736612600725,0.012,3.410647290570854,3.4156498004841627,3,
24,0.012500000000000008,0.2035548896551859,0.006,0.2095548896551859,1.0256235570224626,0.041,1.0666235570224625,0,0,0,0,0,0,1.066649666615748,0.01,1.0766235570224625,1.0816262391847236,2,
25,0.013000000000000008,0.2095571511850684,0.012,0.2215571511850684,1.06662900808767,0.051,1.1176290080876699,3.398657557848587,0.272,3.670657557848587,3.6706947407849038,0.068,3.738657557848587,3.670684711825604,0.01,3.680657557848587,3.6856600677618956,3,
26,0.013500000000000009,0.2215594549865375,0.005,0.2265594549865375,0,0,0,0,0,0,0,0,0,0,0,0,0.23156194029285287,1,
27,0.014000000000000009,0.22656165310904014,0.012,0.23856165310904015,1.1176344591528773,0.045,1.1626344591528772,3.6706674448567744,0.396,4.066667444856774,4.066702562074407,0.09,4.156667444856774,4.0666945988337915,0.009,4.075667444856775,4.080670151626029,3,
28,0.01450000000000001,0.2385638300957495,0.012,0.2505638300957495,1.1626400674603503,0.057,1.2196400674603503,4.06667790226928,0.261,4.32767790226928,4.327713019486913,0.084,4.41167790226928,4.327706100630029,0.009,4.3366779022692805,4.341680461396575,3,
29,0.01500000000000001,0.25056602821825213,0.007,0.25756602821825214,1.2196454136973807,0.05,1.2696454136973807,0,0,0,0,0,0,1.2696736120581291,0.01,1.2796454136973807,1.2846480712526485,2,
30,0.01550000000000001,0.25756822634075477,0.011,0.2685682263407548,1.2696510744189424,0.058,1.3276510744189425,4.327688074479627,0.221,4.548688074479627,4.548723535983707,0.06,4.608688074479627,4.548716795032242,0.012,4.560688074479627,4.565690707427901,3,
31,0.01600000000000001,0.2685705301422239,0.006,0.2745705301422239,1.3276563158277959,0.06,1.387656315827796,0,0,0,0,0,0,1.38768320870888,0.009,1.3966563158277958,1.4016589733830636,2,
32,0.01650000000000001,0.27457268599313994,0.011,0.28557268599313995,1.387661924135269,0.055,1.442661924135269,4.548698436824747,0.182,4.730698436824747,4.730732865469485,0.119,4.849698436824747,4.7307255908017645,0.009,4.739698436824748,4.74470089752407,3,
33,0.01700000000000001,0.285574841844056,0.006,0.291574841844056,1.4426672703722994,0.057,1.4996672703722993,0,0,0,0,0,0,1.4996941632533833,0.009,1.5086672703722992,1.5136697310716212,2,
34,0.017500000000000012,0.29157695542338546,0.012,0.3035769554233855,1.4996728786797724,0.057,1.5566728786797723,4.730708513967707,0.069,4.799708513967707,4.799743975471787,0.093,4.892708513967707,4.799736712328456,0.011,4.8107085139677075,4.815711097701995,3,
35,0.018000000000000013,0.30357928036064785,0.005,0.30857928036064786,0,0,0,0,0,0,0,0,0,0,0,0,0.31358174105997,1,
36,0.018500000000000013,0.3085814150757706,0.006,0.3145814150757706,0,0,0,0,0,0,0,0,0,0,0,0,0.31958399881005883,1,
37,0.019000000000000013,0.3145837188772397,0.004,0.3185837188772397,0,0,0,0,0,0,0,0,0,0,0,0,0.3235861795765618,1,
38,0.019500000000000014,0.3185859169997423,0.012,0.3305859169997423,1.5566785918154225,0.041,1.5976785918154224,4.7997184960432815,0.41000000000000003,5.209718496043282,5.209753268974467,0.119,5.328718496043281,5.209746955499963,0.009,5.218718496043282,5.223721030563584,3,
39,0.020000000000000014,0.3305882208012114,0.011,0.34158822080121143,1.597684252536984,0.051,1.648684252536984,5.209728858388401,0.109,5.318728858388401,5.318763287033139,0.116,5.434728858388401,5.318756534557284,0.009,5.327728858388402,5.332731540550663,3,
40,0.020500000000000015,0.34159048233109396,0.01,0.35159048233109397,1.6486898084303685,0.04,1.6886898084303685,5.318739030598748,0.11499999999999999,5.4337390305987485,5.433773803529934,0.099,5.532739030598749,5.433766184575766,0.009,5.442739030598749,5.44774171276101,3,
41,0.021000000000000015,0.3515926170462167,0.01,0.3615926170462167,1.688695154667399,0.059,1.7476951546673989,5.433749297876481,0.29800000000000004,5.7317492978764815,5.731784759380561,0.07,5.801749297876482,5.73177749623723,0.009,5.740749297876482,5.745751857003777,3,
42,0.021500000000000016,0.36159475176133943,0.009,0.37059475176133944,1.747700762974872,0.06,1.807700762974872,5.7317593750194415,0.207,5.938759375019441,5.938794492237074,0.093,6.031759375019441,5.9387878344761225,0.012,5.950759375019441,5.955761958753729,3,
43,0.022000000000000016,0.37059697101963535,0.009,0.37959697101963535,1.8077060043837254,0.054,1.8617060043837255,5.9387694521624015,0.134,6.072769452162402,6.072804913666482,0.076,6.1487694521624014,6.0727955617556875,0.012,6.084769452162401,6.089771912861724,3,
44,0.022500000000000017,0.3795991268705514,0.009,0.3885991268705514,1.8617116126911986,0.056,1.9177116126911986,6.072779149035816,0.315,6.387779149035817,6.387817020545028,0.105,6.492779149035817,6.387805780820968,0.012,6.399779149035816,6.404781683556118,3,
45,0.023000000000000017,0.38860124044988087,0.012,0.4006012404498809,1.917716958928229,0.041,1.958716958928229,6.387789036044004,0.279,6.666789036044004,6.666824497548084,0.09,6.756789036044004,6.6668151456372895,0.009,6.675789036044004,6.680791644385286,3,
46,0.023500000000000017,0.4006034597081768,0.011,0.4116034597081768,1.9587223051652594,0.047,2.0057223051652593,6.666799303321737,0.16799999999999998,6.834799303321737,6.834833731966475,0.094,6.928799303321737,6.8348267183946865,0.012,6.8467993033217365,6.8518019854839975,3,
47,0.024000000000000018,0.41160563669488615,0.011,0.42260563669488616,2.0057279134727324,0.047,2.0527279134727325,6.834809190329924,0.336,7.1708091903299245,7.170845684693346,0.117,7.2878091903299245,7.170836083211008,0.01,7.180809190329924,7.185811897099178,3,
48,0.02450000000000002,0.42260785595318207,0.011,0.4336078559531821,2.052733259709763,0.045,2.097733259709763,7.170818887203339,0.21500000000000002,7.385818887203339,7.385856070139655,0.112,7.497818887203339,7.385847085564087,0.009,7.394818887203339,7.3998215201516135,3,
49,0.02500000000000002,0.4336099906683048,0.011,0.4446099906683048,2.097738658360882,0.057,2.154738658360882,7.3858293446158445,0.338,7.723829344615845,7.72386411754703,0.063,7.786829344615844,7.723858065168459,0.012,7.735829344615844,7.740831977564119,3,
50,0.02550000000000002,0.44461218879080744,0.011,0.45561218879080745,2.1547439521838236,0.043,2.197743952183824,7.7238395168261915,0.163,7.886839516826192,7.88687394547093,0.092,7.978839516826191,7.886867976282873,0.012,7.898839516826191,7.903842075953486,3,
51,0.02600000000000002,0.4556143446417235,0.012,0.4676143446417235,2.197749298420854,0.042,2.239749298420854,7.886849689036539,0.318,8.20484968903654,8.204887216259303,0.111,8.31584968903654,8.204877365205421,0.012,8.21684968903654,8.221852395805795,3,
52,0.02650000000000002,0.46761647935684625,0.009,0.47661647935684626,2.239754906728327,0.045,2.284754906728327,8.2048597661795,0.23199999999999998,8.436859766179499,8.436895227683578,0.085,8.5218597661795,8.436886920156516,0.011,8.447859766179498,8.452862423734766,3,
53,0.02700000000000002,0.4766186563435556,0.01,0.4866186563435556,2.2847605674498888,0.047,2.331760567449889,8.436869748255072,0.10300000000000001,8.539869748255072,8.539905554045598,0.072,8.61186974825507,8.539898468807685,0.009,8.548869748255072,8.55387233198936,3,
54,0.02750000000000002,0.4866208967376448,0.009,0.4956208967376448,2.3317660709291848,0.048,2.379766070929185,8.539879920465419,0.326,8.865879920465419,8.86591503768305,0.076,8.94187992046542,8.865907335538369,0.009,8.87487992046542,8.879882430378728,3,
55,0.02800000000000002,0.4956232216749072,0.012,0.5076232216749071,2.3797715219943925,0.058,2.4377715219943923,8.865890282810538,0.311,9.176890282810538,9.176926432887512,0.118,9.294890282810538,9.176916914595688,0.01,9.186890282810538,9.19189289115182,3,
56,0.028500000000000022,0.5076253352542366,0.011,0.5186253352542366,2.4377769206455113,0.059,2.4967769206455115,9.176899884616565,0.181,9.357899884616565,9.357935001834196,0.09,9.447899884616564,9.35792677749765,0.012,9.369899884616565,9.374902542171833,3,
57,0.029000000000000022,0.5186276390557057,0.009,0.5276276390557058,2.4967825289529846,0.053,2.5497825289529845,9.357909676557366,0.20199999999999999,9.559909676557366,9.559945482347892,0.081,9.640909676557365,9.559937352726248,0.009,9.568909676557366,9.573912260291655,3,
58,0.029500000000000023,0.5276298160424151,0.009,0.5366298160424151,2.549787980018192,0.06,2.6097879800181922,9.559920133969872,0.251,9.810920133969871,9.81095697261974,0.091,9.90192013396987,9.810948593426552,0.009,9.819920133969871,9.824922619276187,3,
59,0.030000000000000023,0.5366319718933311,0.012,0.5486319718933311,2.6097935883256653,0.052,2.6617935883256654,9.810929830843286,0.218,10.028929830843285,10.028966669493155,0.081,10.109929830843285,10.02895672372437,0.01,10.038929830843285,10.043932389970582,3,
60,0.030500000000000024,0.5486341066084539,0.01,0.5586341066084539,2.6617989869767844,0.057,2.7187989869767843,10.028939907986246,0.112,10.140939907986246,10.140974336630983,0.095,10.235939907986246,10.140967061963263,0.011,10.151939907986245,10.15694239329256,3,
61,0.031000000000000024,0.5586363047309565,0.01,0.5686363047309565,2.718804752526523,0.046,2.7648047525265227,10.140949414724888,0.183,10.323949414724888,10.323985220515414,0.063,10.386949414724889,10.323977613085637,0.012,10.335949414724888,10.340951900031204,3,
62,0.03150000000000002,0.5686384605818725,0.012,0.5806384605818725,2.764809993935376,0.042,2.8068099939353757,10.323959396800461,0.101,10.424959396800462,10.424995202590988,0.062,10.486959396800462,10.42498576748968,0.01,10.434959396800462,10.439961857499785,3,
63,0.03200000000000002,0.5806405952969953,0.01,0.5906405952969953,2.8068153925864947,0.055,2.861815392586495,10.424969473943422,0.10800000000000001,10.532969473943423,10.533007345452633,0.117,10.649969473943424,10.532997672304171,0.009,10.541969473943423,10.54697203307072,3,
64,0.03250000000000002,0.5906428356910846,0.01,0.6006428356910846,2.861820791237614,0.04,2.901820791237614,10.532979170816837,0.18,10.712979170816837,10.713013599461574,0.109,10.821979170816837,10.713006063697922,0.01,10.722979170816837,10.727981828372105,3,
65,0.03300000000000002,0.6006450549493805,0.012,0.6126450549493805,2.901826189888733,0.059,2.960826189888733,10.712989247959797,0.396,11.108989247959798,11.109023676604535,0.089,11.197989247959798,11.109017707416479,0.009,11.117989247959798,11.122991782480101,3,
66,0.03350000000000002,0.6126471685287099,0.007,0.6196471685287099,2.9608317981962062,0.052,3.0128317981962063,0,0,0,0,0,0,3.01286051874882,0.008,3.0208317981962063,3.025834455751474,2,
67,0.03400000000000002,0.6196494934659723,0.012,0.6316494934659723,3.0128374065036794,0.058,3.070837406503679,11.108999420170145,0.235,11.343999420170144,11.344035914533565,0.077,11.420999420170144,11.344026313051229,0.009,11.352999420170145,11.35800205311842,3,
68,0.034500000000000024,0.6316517761316481,0.01,0.6416517761316481,3.0708431196393295,0.044,3.1148431196393296,11.344009687447878,0.241,11.585009687447878,11.58504480466551,0.088,11.673009687447877,11.585037102520827,0.012,11.597009687447878,11.602012148147201,3,
69,0.035000000000000024,0.6416539742541507,0.011,0.6526539742541507,3.1148486231186254,0.048,3.1628486231186255,11.58501919418652,0.136,11.72101919418652,11.721056377122835,0.066,11.78701919418652,11.721047392547268,0.01,11.73101919418652,11.736021704099828,3,
70,0.035500000000000025,0.6526561089692735,0.006,0.6586561089692735,3.162853969355656,0.053,3.215853969355656,0,0,0,0,0,0,3.2158803400448743,0.008,3.223853969355656,3.2288564792689645,2,
71,0.036000000000000025,0.658658222548603,0.012,0.670658222548603,3.2158593155926862,0.047,3.2628593155926864,11.721029366396866,0.168,11.889029366396866,11.889064483614497,0.074,11.963029366396865,11.889057825853547,0.011,11.900029366396865,11.905031900917168,3,
72,0.036500000000000025,0.6706603995353123,0.011,0.6816603995353123,3.2628648190719822,0.053,3.315864819071982,11.889039443539826,0.34,12.229039443539826,12.229076626476141,0.092,12.321039443539826,12.229067902996507,0.009,12.238039443539826,12.243042101095094,3,
73,0.037000000000000026,0.6816626187936082,0.012,0.6936626187936082,3.315870322551278,0.046,3.361870322551278,12.229049520682786,0.082,12.311049520682786,12.311083949327523,0.12,12.431049520682786,12.311077196851668,0.011,12.322049520682786,12.327052079810082,3,
74,0.037500000000000026,0.6936649225950774,0.012,0.7056649225950774,3.3618759832728395,0.056,3.4178759832728396,12.311059407690975,0.306,12.617059407690974,12.617096934913738,0.082,12.699059407690974,12.617086039476124,0.009,12.626059407690974,12.63106211446023,3,
75,0.03800000000000003,0.7056671841249599,0.01,0.7156671841249599,3.41788132950987,0.05,3.46788132950987,12.617069294699162,0.252,12.869069294699162,12.8691037233439,0.085,12.954069294699163,12.869095926484313,0.009,12.878069294699163,12.883071903040445,3,
76,0.03850000000000003,0.715669487926429,0.009,0.724669487926429,3.4678866233328116,0.058,3.5258866233328114,12.869078801437805,0.30000000000000004,13.169078801437806,13.169115984374121,0.102,13.271078801437806,13.169105433222956,0.01,13.179078801437806,13.184081409779088,3,
77,0.03900000000000003,0.7246716226415518,0.01,0.7346716226415518,3.5258918647416646,0.046,3.5718918647416644,13.169088783513379,0.322,13.491088783513378,13.491124933590353,0.11,13.601088783513378,13.491117504065992,0.009,13.500088783513378,13.505091441068647,3,
78,0.03950000000000003,0.7346738207640544,0.009,0.7436738207640544,3.571897420635049,0.044,3.615897420635049,13.491099240925884,0.276,13.767099240925884,13.7671364238622,0.091,13.858099240925883,13.76712535051917,0.01,13.777099240925883,13.78210194769514,3,
79,0.04000000000000003,0.7436759343433839,0.006,0.7496759343433839,3.615903028942522,0.051,3.666903028942522,0,0,0,0,0,0,3.6669312273032704,0.01,3.676903028942522,3.6819056372838035,2,
80,0.04050000000000003,0.7496781536016798,0.011,0.7606781536016798,3.6669087944922607,0.058,3.7249087944922605,13.767109318068844,0.406,14.173109318068844,14.17314409100003,0.067,14.240109318068845,14.173136733141794,0.009,14.182109318068845,14.1871120248381,3,
81,0.04100000000000003,0.7606802883168026,0.011,0.7716802883168026,3.724914140729291,0.041,3.765914140729291,14.17311977548135,0.36900000000000005,14.54211977548135,14.54215523698543,0.071,14.61311977548135,14.542145885074635,0.011,14.553119775481349,14.558122260787664,3,
82,0.04150000000000003,0.7716825287108918,0.012,0.7836825287108918,3.7659194345522327,0.042,3.8079194345522325,14.542129757556923,0.129,14.671129757556923,14.671165907633897,0.099,14.770129757556923,14.671157172629872,0.009,14.680129757556923,14.685132242863238,3,
83,0.04200000000000003,0.7836847691049811,0.005,0.7886847691049811,3.807924780789263,0.058,3.8659247807892627,0,0,0,0,0,0,3.865952979150011,0.008,3.8739247807892627,3.878927266095578,2,
84,0.04250000000000003,0.7886870729064502,0.007,0.7956870729064502,3.865930022198116,0.05,3.9159300221981157,0,0,0,0,0,0,3.9159574372710653,0.007,3.922930022198116,3.927932482897438,2,
85,0.04300000000000003,0.7956893978437126,0.011,0.8066893978437126,3.9159357877478542,0.059,3.9749357877478544,14.671139549497724,0.304,14.975139549497724,14.975177076720488,0.106,15.081139549497724,14.975167747858473,0.011,14.986139549497723,14.991142010197047,3,
86,0.04350000000000003,0.8066916382378019,0.004,0.8106916382378019,0,0,0,0,0,0,0,0,0,0,0,0,0.8156942957930698,1,
87,0.04400000000000003,0.8106938574960978,0.007,0.8176938574960978,3.9749412912271502,0.043,4.01794129122715,0,0,0,0,0,0,4.017970011779765,0.008,4.02594129122715,4.030943825747452,2,
88,0.04450000000000003,0.8176960767543937,0.01,0.8276960767543937,4.017946585050092,0.045,4.062946585050092,14.975149056236367,0.4,15.375149056236367,15.375185894886236,0.093,15.468149056236367,15.375175426925585,0.01,15.385149056236367,15.39015151693569,3,
89,0.04500000000000003,0.8276982114695165,0.01,0.8376982114695165,4.062951826458946,0.055,4.117951826458945,15.375158943244555,0.34400000000000003,15.719158943244555,15.719196814753765,0.061,15.780158943244555,15.719187663797168,0.009,15.728158943244555,15.733161453157864,3,
90,0.045500000000000033,0.8377005364067789,0.011,0.8487005364067789,4.117957277524153,0.051,4.168957277524153,15.719168545050582,0.222,15.941168545050582,15.941206416559792,0.06,16.001168545050582,15.941196221219464,0.01,15.951168545050582,15.95617112878487,3,
91,0.046000000000000034,0.8487028613440413,0.012,0.8607028613440413,4.168963043073892,0.055,4.2239630430738915,15.94117843205877,0.41900000000000004,16.36017843205877,16.360213204989954,0.103,16.463178432058772,16.36020506384392,0.011,16.37117843205877,16.376180917365083,3,
92,0.046500000000000034,0.8607049749233707,0.005,0.8657049749233707,4.223968494139099,0.053,4.276968494139099,0,0,0,0,0,0,4.276995909212048,0.007,4.283968494139098,4.2889710040524065,2,
93,0.047000000000000035,0.86570721531746,0.009,0.87470721531746,4.276974259688838,0.055,4.331974259688837,16.360187938797413,0.36000000000000004,16.720187938797412,16.72022236744215,0.097,16.817187938797414,16.720216398254095,0.01,16.730187938797414,16.73519044871072,3,
94,0.047500000000000035,0.8747095402547224,0.009,0.8837095402547224,4.3319797107540445,0.049,4.380979710754045,16.720197920872987,0.088,16.80819792087299,16.80823544809575,0.077,16.88519792087299,16.808226119233737,0.012,16.82019792087299,16.82520038157231,3,
95,0.048000000000000036,0.8837118651919847,0.01,0.8937118651919848,4.380985214233341,0.058,4.438985214233341,16.808208093083334,0.07100000000000001,16.879208093083335,16.879243898873863,0.103,16.982208093083337,16.879236552540018,0.012,16.891208093083335,16.89621057838965,3,
96,0.048500000000000036,0.8937141267218672,0.005,0.8987141267218672,0,0,0,0,0,0,0,0,0,0,0,0,0.9037166858491623,1,
97,0.04900000000000004,0.8987163248443698,0.009,0.9077163248443698,4.438990874954903,0.046,4.484990874954903,16.879217694889363,0.28300000000000003,17.162217694889364,17.162252123534103,0.067,17.229217694889364,17.162245109962313,0.009,17.171217694889364,17.176220401658618,3,
98,0.04950000000000004,0.9077184806952858,0.009,0.9167184806952858,4.4849964308482875,0.048,4.5329964308482875,17.16222729669539,0.14800000000000002,17.31022729669539,17.310264823918153,0.07,17.38022729669539,17.31025366738461,0.01,17.320227296695393,17.325229757394712,3,
99,0.05000000000000004,0.9167207422251683,0.012,0.9287207422251683,4.5330021963980265,0.049,4.582002196398027,17.31023689850142,0.08700000000000001,17.39723689850142,17.39727304857839,0.116,17.513236898501418,17.397263791382503,0.011,17.408236898501418,17.41323960527067,3,
100,0.05050000000000004,0.9287228769402911,0.009,0.9377228769402911,4.5820074378068805,0.049,4.631007437806881,17.39724697564438,0.161,17.55824697564438,17.55828209286201,0.074,17.63224697564438,17.558274912909194,0.009,17.56724697564438,17.5722494363437,3,
101,0.05100000000000004,0.9377250539270005,0.01,0.9477250539270005,4.631012836458,0.06,4.6910128364579995,17.558257147854725,0.177,17.735257147854725,17.735293642218146,0.103,17.838257147854726,17.73528430183174,0.012,17.747257147854725,17.75225980540999,3,
102,0.05150000000000004,0.9477272309137098,0.01,0.9577272309137098,4.69101818269503,0.055,4.74601818269503,17.73526703486291,0.11800000000000001,17.85326703486291,17.85330215208054,0.101,17.95426703486291,17.85329523322366,0.01,17.86326703486291,17.8682696185972,3,
103,0.05200000000000004,0.9577293656288326,0.005,0.9627293656288326,4.7460237385884145,0.06,4.806023738588414,0,0,0,0,0,0,4.806052198045095,0.008,4.814023738588414,4.819026445357668,2,
104,0.05250000000000004,0.9627316060229218,0.012,0.9747316060229219,4.806029451724064,0.057,4.863029451724064,17.853276921871096,0.40800000000000003,18.261276921871097,18.26131169480228,0.12,18.3812769218711,18.261303553656248,0.01,18.2712769218711,18.276279628640353,3,
105,0.05300000000000004,0.9747338886885977,0.005,0.9797338886885977,4.863035164859714,0.051,4.9140351648597145,0,0,0,0,0,0,4.914061274453,0.009,4.923035164859715,4.92803772398701,2,
106,0.05350000000000004,0.9797360234037205,0.011,0.9907360234037205,4.914040406268568,0.058,4.972040406268568,18.261286523677125,0.16599999999999998,18.427286523677125,18.427324050899887,0.097,18.524286523677127,18.42731419984601,0.011,18.438286523677125,18.443289156625397,3,
107,0.05400000000000004,0.9907383483409828,0.011,1.0017383483409827,4.972045804919687,0.05,5.022045804919687,18.42729622055054,0.14100000000000001,18.568296220550543,18.56833202634107,0.082,18.650296220550544,18.568322591239763,0.009,18.577296220550544,18.582298927319798,3,
108,0.05450000000000004,1.0017405675992788,0.009,1.0107405675992787,5.022051360813071,0.045,5.067051360813071,18.56830582235657,0.383,18.95130582235657,18.951341628147098,0.075,19.02630582235657,18.951333759621384,0.01,18.96130582235657,18.96630833226988,3,
109,0.05500000000000004,1.0107427023144013,0.012,1.0227427023144013,5.067056707050102,0.054,5.121056707050102,18.95131561429737,0.072,19.02331561429737,19.0233514200879,0.112,19.13531561429737,19.02334198498659,0.012,19.03531561429737,19.040318321066625,3,
110,0.05550000000000004,1.022744815893731,0.009,1.0317448158937308,5.121062053287133,0.044,5.165062053287133,19.023325786507716,0.387,19.410325786507716,19.410362625157585,0.08,19.490325786507714,19.41035372377253,0.009,19.419325786507716,19.42432849327697,3,
111,0.05600000000000004,1.0317471408309933,0.011,1.0427471408309932,5.1650677140086945,0.056,5.2210677140086945,19.410335863650676,0.391,19.801335863650678,19.801370292295417,0.09,19.891335863650678,19.80136432310736,0.012,19.81333586365068,19.818338373563986,3,
112,0.05650000000000004,1.0427493178177025,0.009,1.0517493178177024,5.221073007831636,0.043,5.2640730078316365,19.80134537038932,0.21,20.01134537038932,20.01138117617985,0.062,20.073345370389323,20.011374090941935,0.011,20.02234537038932,20.02734790490962,3,
113,0.057000000000000044,1.051751431397032,0.01,1.061751431397032,5.264078301654578,0.04,5.304078301654578,20.011355257397508,0.10600000000000001,20.11735525739751,20.11739175176093,0.07,20.18735525739751,20.117383194662324,0.012,20.12935525739751,20.13435786573879,3,
114,0.057500000000000044,1.0617537351985011,0.012,1.0737537351985011,5.304083543063432,0.048,5.352083543063432,20.117365144405696,0.30800000000000005,20.425365144405696,20.425403015914906,0.12,20.545365144405697,20.42539203728678,0.011,20.436365144405695,20.44136785117495,3,
115,0.058000000000000045,1.0737560601357636,0.011,1.0847560601357635,5.352088836886374,0.052,5.404088836886373,20.425375506750814,0.29500000000000004,20.720375506750816,20.720410623968448,0.101,20.821375506750815,20.7204023996319,0.012,20.732375506750817,20.737378115092095,3,
116,0.058500000000000045,1.0847582159866795,0.009,1.0937582159866794,5.40409434036567,0.059,5.46309434036567,20.720385298691617,0.075,20.795385298691617,20.7954200716228,0.096,20.891385298691617,20.7954121915727,0.011,20.806385298691616,20.811387956246882,3,
117,0.059000000000000045,1.093760329566009,0.012,1.105760329566009,5.46310005350132,0.042,5.5051000535013195,20.795395090632418,0.214,21.009395090632417,21.009431584995838,0.096,21.105395090632417,21.0094219835135,0.012,21.021395090632417,21.02639762515272,3,
118,0.059500000000000046,1.1057625276885117,0.009,1.1147625276885116,5.505105714222881,0.058,5.563105714222881,21.00940459737106,0.187,21.19640459737106,21.1964390260158,0.076,21.27240459737106,21.196433056827743,0.012,21.20840459737106,21.213407107284368,3,
119,0.060000000000000046,1.1147647680826007,0.01,1.1247647680826007,5.5631112701162655,0.042,5.605111270116265,21.196414864648794,0.235,21.431414864648794,21.431449981866425,0.093,21.524414864648794,21.431442801913608,0.012,21.443414864648794,21.448417325348114,3,
120,0.06050000000000005,1.1247669027977234,0.011,1.1357669027977233,5.605116511525119,0.054,5.659116511525119,21.43142484672437,0.28200000000000003,21.71342484672437,21.71346099680134,0.119,21.83242484672437,21.713453567276982,0.012,21.72542484672437,21.73042747967264,3,
121,0.06100000000000005,1.1357691220560193,0.004,1.1397691220560193,0,0,0,0,0,0,0,0,0,0,0,0,1.1447717303973006,1,
122,0.06150000000000005,1.1397712779069353,0.012,1.1517712779069353,5.6591220150044155,0.048,5.7071220150044155,21.713434828799944,0.307,22.020434828799942,22.02047166744981,0.07,22.090434828799943,22.020460938393228,0.012,22.032434828799943,22.03743733871325,3,
123,0.06200000000000005,1.1517734337578514,0.007,1.1587734337578512,5.707127308827357,0.053,5.760127308827357,0,0,0,0,0,0,5.760153940612509,0.009,5.769127308827358,5.774129794133673,2,
124,0.06250000000000004,1.1587756741519404,0.007,1.1657756741519403,5.7601327598925645,0.05,5.810132759892564,0,0,0,0,0,0,5.810160436061447,0.01,5.820132759892564,5.825135417447832,2,
125,0.06300000000000004,1.165777808867063,0.009,1.1747778088670628,5.810138525442303,0.048,5.858138525442303,22.02044443060597,0.121,22.14144443060597,22.1414795478236,0.095,22.236444430605967,22.141470540199254,0.01,22.15144443060597,22.156447137375224,3,
126,0.06350000000000004,1.1747799435821855,0.012,1.1867799435821855,5.858143924093422,0.051,5.9091439240934225,22.141454888018476,0.34400000000000003,22.485454888018477,22.48549241524124,0.099,22.584454888018477,22.485481519803628,0.011,22.496454888018476,22.501457496359755,3,
127,0.06400000000000004,1.186782057161515,0.005,1.191782057161515,5.909149479986807,0.045,5.954149479986807,0,0,0,0,0,0,5.95417715615569,0.01,5.964149479986807,5.969151989900115,2,
128,0.06450000000000004,1.191784276419811,0.011,1.202784276419811,5.954154826223838,0.047,6.0011548262238374,22.485464965161437,0.246,22.731464965161436,22.73150111523841,0.063,22.794464965161435,22.73149185804252,0.01,22.741464965161438,22.746467622716704,3,
129,0.06500000000000004,1.20278658022128,0.009,1.21178658022128,6.001160539359487,0.052,6.053160539359487,22.73147494723701,0.316,23.04747494723701,23.04751040874109,0.077,23.12447494723701,23.047502101214025,0.011,23.05847494723701,23.06347748175731,3,
130,0.06550000000000004,1.2117887783437826,0.01,1.2217887783437826,6.0531661476669605,0.041,6.094166147666961,23.047484834245196,0.23399999999999999,23.281484834245198,23.28151960717638,0.097,23.3784848342452,23.281511988222213,0.01,23.2914848342452,23.29648751640746,3,
131,0.06600000000000004,1.2217909341946986,0.012,1.2337909341946987,6.094171598732168,0.045,6.139171598732168,23.281495196590317,0.34900000000000003,23.630495196590317,23.630532379526635,0.076,23.706495196590318,23.6305228727592,0.01,23.64049519659032,23.645497780324607,3,
132,0.06650000000000005,1.2337930900456147,0.012,1.2457930900456147,6.13917725945373,0.045,6.18417725945373,23.63050546386805,0.385,24.015505463868053,24.015543335377263,0.096,24.111505463868053,24.015534184420666,0.009,24.024505463868053,24.029507998388354,3,
133,0.06700000000000005,1.2457953304397038,0.011,1.2567953304397037,6.184182553276671,0.053,6.237182553276671,24.015515636078398,0.256,24.271515636078398,24.271550064723137,0.095,24.366515636078397,24.271542528959483,0.012,24.2835156360784,24.2885181705987,3,
134,0.06750000000000005,1.2567975285622064,0.01,1.2667975285622064,6.23718795192779,0.05,6.28718795192779,24.271525237884426,0.168,24.439525237884425,24.439562765107187,0.106,24.545525237884426,24.439551869669575,0.011,24.450525237884424,24.455527772404725,3,
135,0.06800000000000005,1.2667998323636755,0.009,1.2757998323636754,6.287193612649352,0.051,6.338193612649352,24.439535695296932,0.217,24.65653569529693,24.656573222519693,0.067,24.72353569529693,24.65656389365768,0.009,24.66553569529693,24.670538352852198,3,
136,0.06850000000000005,1.2758020304861781,0.006,1.2818020304861781,6.338198958886383,0.044,6.382198958886383,0,0,0,0,0,0,6.382225851767466,0.007,6.389198958886382,6.394201419585705,2,
137,0.06900000000000005,1.2818043342876473,0.012,1.2938043342876473,6.382204305123413,0.05,6.432204305123413,24.656545677372506,0.224,24.880545677372506,24.880581138876586,0.119,24.999545677372506,24.880573092445456,0.01,24.890545677372508,24.895548359534768,3,
138,0.06950000000000005,1.2938064478669768,0.01,1.3038064478669769,6.432209546532267,0.056,6.488209546532267,24.88055584958285,0.148,25.02855584958285,25.02859165537338,0.065,25.093555849582852,25.028583003559866,0.012,25.04055584958285,25.04555853174511,3,
139,0.07000000000000005,1.3038087093968593,0.012,1.3158087093968593,6.4882147879411205,0.059,6.547214787941121,25.028565546456267,0.268,25.296565546456268,25.29660341796548,0.114,25.41056554645627,25.29659400591295,0.01,25.30656554645627,25.311568253225524,3,
140,0.07050000000000005,1.3158110131983285,0.01,1.3258110131983285,6.547220396248594,0.04,6.587220396248594,25.296575623599228,0.19499999999999998,25.49157562359923,25.49161349510844,0.088,25.57957562359923,25.491603299768112,0.009,25.50057562359923,25.505578330368483,3,
141,0.07100000000000005,1.325813338135591,0.01,1.335813338135591,6.5872258997278905,0.05,6.63722589972789,25.491585795809574,0.183,25.674585795809573,25.674620568740757,0.113,25.787585795809573,25.674613210882523,0.009,25.683585795809574,25.688588477971834,3,
142,0.07150000000000005,1.3358155785296801,0.005,1.34081557852968,6.63723161286354,0.04,6.67723161286354,0,0,0,0,0,0,6.67725902793649,0.008,6.68523161286354,6.6902341227768485,2,
143,0.07200000000000005,1.340817734380596,0.009,1.349817734380596,6.67723732599919,0.047,6.72423732599919,25.67459596801992,0.217,25.891595968019917,25.89163211809689,0.071,25.96259596801992,25.89162390528473,0.012,25.903595968019918,25.908598527147213,3,
144,0.07250000000000005,1.3498198690957186,0.005,1.3548198690957185,6.724242619822132,0.058,6.7822426198221315,0,0,0,0,0,0,6.782269773799149,0.007,6.789242619822131,6.794245277377399,2,
145,0.07300000000000005,1.3548220460824278,0.006,1.3608220460824278,0,0,0,0,0,0,0,0,0,0,0,0,1.3658245806027296,1,
146,0.07350000000000005,1.3608242442049305,0.012,1.3728242442049305,6.7822480184732505,0.048,6.830248018473251,25.891605855028104,0.206,26.097605855028103,26.09764303796442,0.085,26.182605855028104,26.09763300900512,0.01,26.107605855028105,26.112608463369384,3,
147,0.07400000000000005,1.3728265480063997,0.009,1.3818265480063996,6.830253626780724,0.04,6.870253626780724,26.09761545683413,0.28500000000000003,26.38261545683413,26.382651606911104,0.069,26.45161545683413,26.38264208861928,0.009,26.39161545683413,26.396618089782404,3,
148,0.07450000000000005,1.3818288306720754,0.01,1.3918288306720754,6.870259287502286,0.041,6.911259287502286,26.38262553397709,0.243,26.62562553397709,26.625660306908273,0.068,26.69362553397709,26.625652687954105,0.009,26.63462553397709,26.63962814231837,3,
149,0.07500000000000005,1.391830944251405,0.011,1.4028309442514049,6.911264581325228,0.056,6.967264581325228,26.62563589632221,0.28300000000000003,26.90863589632221,26.908673079258527,0.099,27.00763589632221,26.90866331139516,0.009,26.91763589632221,26.922638455449505,3,
150,0.07550000000000005,1.4028332691886674,0.005,1.4078332691886672,6.9672701372186125,0.046,7.013270137218613,0,0,0,0,0,0,7.013298857771227,0.009,7.022270137218613,7.027272843987867,2,
151,0.07600000000000005,1.4078353827679968,0.011,1.4188353827679967,7.013275535869732,0.046,7.059275535869732,26.90864568826301,0.19799999999999998,27.10664568826301,27.10668149405354,0.117,27.223645688263012,27.10667205895223,0.01,27.116645688263013,27.121648173569326,3,
152,0.07650000000000005,1.4188377077052592,0.011,1.429837707705259,7.059280934520851,0.054,7.113280934520851,27.10665605060813,0.34800000000000003,27.45465605060813,27.454692200685102,0.091,27.54565605060813,27.454682943489214,0.012,27.46665605060813,27.47165851130745,3,
153,0.07700000000000005,1.4298398846919684,0.011,1.4408398846919683,7.113286595242413,0.046,7.159286595242413,27.454666317885863,0.343,27.797666317885863,27.79770350082218,0.105,27.902666317885863,27.797693732958813,0.009,27.806666317885863,27.811669024655117,3,
154,0.07750000000000005,1.4408421673576441,0.009,1.449842167357644,7.159292203549887,0.058,7.217292203549887,27.79767591969189,0.395,28.19267591969189,28.192713102628208,0.104,28.29667591969189,28.192703073668905,0.012,28.20467591969189,28.20967860185415,3,
155,0.07800000000000006,1.4498444922949065,0.01,1.4598444922949065,7.217297602201006,0.046,7.263297602201006,28.192685426430533,0.152,28.344685426430534,28.344721576507506,0.079,28.423685426430534,28.344713102599417,0.009,28.353685426430534,28.358688108592794,3,
156,0.07850000000000006,1.459846605874236,0.012,1.471846605874236,7.2633031580943905,0.044,7.30730315809439,28.34469531343872,0.177,28.52169531343872,28.521731119229248,0.094,28.61569531343872,28.521722206319804,0.01,28.53169531343872,28.536697872566016,3,
157,0.07900000000000006,1.4718488674041186,0.01,1.4818488674041186,7.307308923644129,0.054,7.361308923644129,28.521705580716453,0.08399999999999999,28.605705580716453,28.605742419366322,0.12,28.725705580716454,28.605734301269067,0.01,28.615705580716455,28.620708189057734,3,
158,0.07950000000000006,1.4818511500697944,0.012,1.4938511500697944,7.36131426988116,0.044,7.40531426988116,28.605715847994187,0.318,28.92371584799419,28.9237537195034,0.111,29.03471584799419,28.923743001971204,0.009,28.93271584799419,28.93771848094246,3,
159,0.08000000000000006,1.493853284784917,0.011,1.504853284784917,7.405319616118191,0.059,7.464319616118191,28.92372592513715,0.36100000000000004,29.28472592513715,29.28476241950057,0.06,29.344725925137148,29.284752818018234,0.01,29.29472592513715,29.299728582692417,3,
160,0.08050000000000006,1.504855504043213,0.009,1.513855504043213,7.464324857527044,0.06,7.524324857527044,29.284736097347494,0.091,29.375736097347495,29.375770525992234,0.071,29.446736097347497,29.37576220694078,0.011,29.386736097347494,29.391738558046814,3,
161,0.08100000000000006,1.5138576387583356,0.011,1.5248576387583355,7.524330465834518,0.056,7.580330465834518,29.37574626955784,0.248,29.62374626955784,29.62378310820771,0.077,29.700746269557843,29.62377368463079,0.011,29.63474626955784,29.63974887789912,3,
162,0.08150000000000006,1.524859963695598,0.012,1.536859963695598,7.580335707243371,0.045,7.625335707243371,29.62375663190296,0.362,29.98575663190296,29.98579174912059,0.108,30.09375663190296,29.98578326368811,0.01,29.99575663190296,30.000759338672214,3,
163,0.08200000000000006,1.5368620772749275,0.012,1.5488620772749275,7.625340948652225,0.051,7.676340948652225,29.98576670904592,0.406,30.391766709045918,30.39180182626355,0.1,30.49176670904592,30.391793340831068,0.011,30.402766709045917,30.407769391208177,3,
164,0.08250000000000006,1.5488642753974302,0.005,1.55386427539743,7.676346714201964,0.055,7.731346714201964,0,0,0,0,0,0,7.731373084891182,0.008,7.739346714201964,7.744349248722266,2,
165,0.08300000000000006,1.5538665157915192,0.01,1.5638665157915193,7.731351955610817,0.051,7.782351955610817,30.391776405919334,0.399,30.790776405919335,30.790812555996308,0.084,30.874776405919334,30.790803820992284,0.011,30.801776405919334,30.80677891583264,3,
166,0.08350000000000006,1.563868650506642,0.01,1.573868650506642,7.782357721160556,0.06,7.842357721160556,30.79078638799491,0.095,30.88578638799491,30.88582391521767,0.112,30.997786387994907,30.885812497588194,0.011,30.896786387994908,30.901788947122203,3,
167,0.08400000000000006,1.5738708486291446,0.01,1.5838708486291446,7.842363119811675,0.056,7.898363119811675,30.885795989800936,0.138,31.023795989800938,31.0238335170237,0.066,31.089795989800937,31.023823927065752,0.011,31.034795989800937,31.039798573535226,3,
168,0.08450000000000006,1.5838729622084742,0.009,1.592872962208474,7.898368832947325,0.042,7.940368832947325,31.023806066943898,0.15,31.173806066943897,31.173842561307318,0.07,31.243806066943897,31.17383374311278,0.011,31.184806066943896,31.189808601464197,3,
169,0.08500000000000006,1.59287511805939,0.012,1.60487511805939,7.940374441254798,0.052,7.992374441254798,31.17381604901947,0.33,31.50381604901947,31.50385151052355,0.065,31.56881604901947,31.503842941900555,0.012,31.51581604901947,31.520818706574737,3,
170,0.08550000000000006,1.6048772527745128,0.011,1.6158772527745127,7.992379787491829,0.047,8.039379787491828,31.50382612616243,0.085,31.58882612616243,31.58886158766651,0.105,31.69382612616243,31.58885354123538,0.012,31.60082612616243,31.60582870989672,3,
171,0.08600000000000006,1.6158795143043951,0.01,1.6258795143043951,8.039385395799302,0.046,8.085385395799301,31.588835632901073,0.12,31.708835632901074,31.708873504410285,0.11,31.818835632901074,31.70886278687809,0.012,31.720835632901075,31.72583811820739,3,
172,0.08650000000000006,1.6258817546984843,0.012,1.6378817546984843,8.085390951692686,0.044,8.129390951692686,31.70884532977449,0.259,31.96784532977449,31.96788079127857,0.07,32.03784532977449,31.967874050327104,0.009,31.97684532977449,31.9818478396878,3,
173,0.08700000000000006,1.637883889413607,0.009,1.6468838894136069,8.12939656000016,0.045,8.17439656000016,31.967855501984836,0.275,32.242855501984835,32.24289130777536,0.091,32.333855501984836,32.24288161157812,0.011,32.25385550198484,32.25885815954011,3,
174,0.08750000000000006,1.6468860241287295,0.012,1.6588860241287295,8.17440190623719,0.048,8.22240190623719,32.24286548406041,0.376,32.61886548406041,32.618902666996725,0.11,32.72886548406041,32.61889211584556,0.011,32.62986548406041,32.634868166222674,3,
175,0.08800000000000006,1.6588882222512322,0.012,1.6708882222512322,8.222407409716485,0.058,8.280407409716485,32.61887499079905,0.254,32.87287499079905,32.87291010801668,0.074,32.946874990799046,32.872902928063866,0.01,32.882874990799046,32.88787745149837,3,
176,0.08850000000000006,1.6708904626453214,0.011,1.6818904626453213,8.280413018023959,0.047,8.32741301802396,32.87288506794201,0.318,33.190885067942006,33.190921906591875,0.117,33.307885067942,33.190911438631225,0.011,33.20188506794201,33.20688755324833,3,
177,0.08900000000000007,1.6818926184962373,0.005,1.6868926184962372,0,0,0,0,0,0,0,0,0,0,0,0,1.6918951038025525,1,
178,0.08950000000000007,1.6868947743471532,0.006,1.6928947743471532,8.327418416675078,0.054,8.381418416675078,0,0,0,0,0,0,8.381445570652096,0.009,8.390418416675079,8.395421123444335,2,
179,0.09000000000000007,1.692897057012829,0.011,1.703897057012829,8.381424024982552,0.042,8.423424024982552,33.19089543028713,0.328,33.51889543028713,33.51892985893187,0.12,33.63889543028713,33.51892336755195,0.009,33.52789543028713,33.53289798941443,3,
180,0.09050000000000007,1.703899297406918,0.009,1.712899297406918,8.42342942363367,0.052,8.47542942363367,33.51890550743009,0.219,33.73790550743009,33.73794269036641,0.082,33.81990550743009,33.73793240031117,0.011,33.748905507430095,33.75390818959236,3,
181,0.09100000000000007,1.7129015800725937,0.007,1.7199015800725936,8.47543482228479,0.059,8.534434822284789,0,0,0,0,0,0,8.534463020645537,0.009,8.54343482228479,8.548437430626072,2,
182,0.09150000000000007,1.7199038838740628,0.005,1.7249038838740627,8.534440587834528,0.049,8.583440587834527,0,0,0,0,0,0,8.583468786195276,0.008,8.591440587834526,8.596443196175809,2,
183,0.09200000000000007,1.7249061454039452,0.011,1.735906145403945,8.58344588165747,0.044,8.62744588165747,33.73791567964044,0.397,34.134915679640436,34.134952518290305,0.073,34.207915679640436,34.134944139097115,0.009,34.143915679640436,34.14891838640969,3,
184,0.09250000000000007,1.7359082589832746,0.009,1.7449082589832745,8.62745159479312,0.044,8.67145159479312,34.13492585185078,0.17099999999999999,34.30592585185078,34.305963723359994,0.093,34.398925851850784,34.30595326692373,0.01,34.31592585185078,34.320928484799055,3,
185,0.09300000000000007,1.7449103936983972,0.012,1.7569103936983972,8.671456836201974,0.056,8.727456836201974,34.305935833926355,0.122,34.427935833926355,34.42797301686267,0.11,34.537935833926355,34.42796351009524,0.01,34.43793583392635,34.44293851608862,3,
186,0.09350000000000007,1.7569125495493132,0.006,1.7629125495493132,8.727462549337623,0.046,8.773462549337623,0,0,0,0,0,0,8.773490747698371,0.007,8.780462549337622,8.785465059250932,2,
187,0.09400000000000007,1.7629147688076092,0.006,1.7689147688076092,0,0,0,0,0,0,0,0,0,0,0,0,1.7739174755768634,1,
188,0.09450000000000007,1.7689170303374917,0.01,1.7789170303374917,8.773467843160565,0.058,8.831467843160565,34.42794562586715,0.41000000000000003,34.83794562586715,34.83798039879834,0.087,34.92494562586715,34.83797356313197,0.012,34.84994562586715,34.854948258815426,3,
189,0.09500000000000007,1.7789193341389609,0.012,1.7909193341389609,8.831473241811684,0.043,8.874473241811684,34.837955607942725,0.342,35.17995560794272,35.1799910694468,0.117,35.29695560794272,35.1799840673994,0.009,35.188955607942724,35.193958240891,3,
190,0.09550000000000007,1.790921553397257,0.01,1.800921553397257,8.874478850119157,0.04,8.914478850119156,35.17996539988352,0.22299999999999998,35.40296539988352,35.403000517101155,0.116,35.51896539988352,35.402991509476806,0.011,35.41396539988352,35.41896810665278,3,
191,0.09600000000000007,1.8009236881123796,0.01,1.8109236881123796,8.91448440601254,0.042,8.95648440601254,35.402975381959095,0.12,35.52297538195909,35.52301118774962,0.062,35.58497538195909,35.52300201374425,0.01,35.53297538195909,35.537977842658414,3,
192,0.09650000000000007,1.8109258862348823,0.005,1.8159258862348822,0,0,0,0,0,0,0,0,0,0,0,0,1.8209283469342041,1,
193,0.09700000000000007,1.8159282111721446,0.01,1.8259282111721447,8.956490014320014,0.053,9.009490014320015,35.5229858393716,0.229,35.7519858393716,35.75202371088081,0.089,35.8409858393716,35.75201273225268,0.01,35.7619858393716,35.76698844771288,3,
194,0.09750000000000007,1.8259304304304407,0.012,1.8379304304304407,9.009495622627488,0.042,9.051495622627488,35.75199591651456,0.23199999999999998,35.98399591651456,35.984031378018635,0.076,36.05999591651456,35.98402437597124,0.012,35.99599591651456,36.00099859867682,3,
195,0.09800000000000007,1.83793260741715,0.009,1.84693260741715,9.051501388177227,0.049,9.100501388177227,35.984005708455356,0.209,36.19300570845536,36.19304289139168,0.072,36.26500570845536,36.193033906816105,0.011,36.20400570845536,36.20900826758266,3,
196,0.09850000000000007,1.8469347844038593,0.011,1.8579347844038592,9.100507048898788,0.05,9.150507048898788,36.19301578559832,0.14600000000000002,36.33901578559832,36.33905227996174,0.08,36.41901578559832,36.339044506150934,0.011,36.35001578559832,36.35501839393961,3,
197,0.09900000000000007,1.8579371093411217,0.007,1.8649371093411216,9.150512499963996,0.055,9.205512499963996,0,0,0,0,0,0,9.205540437228812,0.008,9.213512499963995,9.218515182126257,2,
198,0.09950000000000007,1.864939286327831,0.007,1.8719392863278308,9.20551805585738,0.04,9.24551805585738,0,0,0,0,0,0,9.245544948738464,0.007,9.25251805585738,9.257520738019641,2,
199,0.10000000000000007,1.8719414421787468,0.009,1.8809414421787467,9.24552340209441,0.049,9.29452340209441,36.33902567260651,0.213,36.55202567260651,36.55206251125638,0.112,36.66402567260651,36.552054393159125,0.011,36.563025672606514,36.56802823173381,3,
200,0.10050000000000008,1.8809436403012494,0.01,1.8909436403012494,9.294528695917352,0.041,9.335528695917352,36.55203546454731,0.371,36.92303546454731,36.923071270337836,0.09,37.013035464547315,36.923063140716195,0.01,36.93303546454731,36.93803799906761,3,
201,0.10100000000000008,1.8909457961521654,0.009,1.8999457961521653,9.335533989740295,0.042,9.377533989740295,36.9230453515555,0.383,37.306045351555504,37.30608046877314,0.111,37.4170453515555,37.30607146114879,0.01,37.3160453515555,37.32104793528979,3,
202,0.10150000000000008,1.8999480365462544,0.011,1.9109480365462543,9.37753949321959,0.047,9.42453949321959,37.306055238563694,0.19,37.49605523856369,37.49609242150001,0.06,37.556055238563694,37.49608343692444,0.012,37.50805523856369,37.51305777308399,3,
203,0.10200000000000008,1.9109502558045504,0.006,1.9169502558045504,9.42454525876933,0.043,9.467545258769329,0,0,0,0,0,0,9.467572673842279,0.01,9.477545258769329,9.482547719468652,2,
204,0.10250000000000008,1.9169524116554664,0.009,1.9259524116554663,9.467550552592272,0.045,9.512550552592272,37.49606522063927,0.118,37.61406522063927,37.61409964928401,0.077,37.69106522063927,37.61409263571222,0.009,37.62306522063927,37.62806777976657,3,
205,0.10300000000000008,1.9259547154569354,0.006,1.9319547154569354,0,0,0,0,0,0,0,0,0,0,0,0,1.9369572007632507,1,
206,0.10350000000000008,1.9319569558510246,0.012,1.9439569558510246,9.512556213313832,0.043,9.555556213313832,37.61407510764746,0.273,37.88707510764746,37.88710988057865,0.088,37.97507510764746,37.887101739432616,0.01,37.89707510764746,37.90207759295378,3,
207,0.10400000000000008,1.9439591962451137,0.011,1.9549591962451136,9.555561874035392,0.06,9.615561874035393,37.887085469992584,0.36900000000000005,38.256085469992584,38.25612162006956,0.071,38.32708546999258,38.256112362873665,0.012,38.268085469992585,38.273087955298905,3,
208,0.10450000000000008,1.9549614155034096,0.01,1.9649614155034096,9.615567587171043,0.054,9.669567587171043,38.256095547135544,0.397,38.65309554713554,38.653132041498964,0.098,38.75109554713554,38.65312270111256,0.01,38.66309554713554,38.66809803244186,3,
209,0.10500000000000008,1.9649636347617057,0.009,1.9739636347617056,9.669572880993986,0.06,9.729572880993986,38.65310552921112,0.241,38.89410552921112,38.89414202357454,0.079,38.97310552921112,38.89413294428407,0.009,38.90310552921112,38.908108088338416,3,
210,0.10550000000000008,1.973965811748415,0.01,1.983965811748415,9.729578594129636,0.059,9.788578594129635,38.89411551128669,0.219,39.11311551128669,39.11315097279077,0.069,39.182115511286696,39.11314423183931,0.012,39.125115511286694,39.13011814423497,3,
211,0.10600000000000008,1.9839681366856774,0.009,1.9929681366856773,9.788584254851196,0.04,9.828584254851195,39.11312549336227,0.42800000000000005,39.541125493362266,39.54116198772569,0.08,39.621125493362264,39.54115160295555,0.011,39.55212549336227,39.557128126310545,3,
212,0.10650000000000008,1.9929703559439733,0.006,1.9989703559439733,9.828589496260049,0.058,9.886589496260049,0,0,0,0,0,0,9.886617172428931,0.008,9.894589496260048,9.899592153815316,2,
213,0.10700000000000008,1.9989724695233029,0.007,2.0059724695233028,9.886594842497079,0.057,9.94359484249708,0,0,0,0,0,0,9.943622257570029,0.01,9.953594842497079,9.958597475445355,2,
214,0.10750000000000008,2.005974773324772,0.009,2.014974773324772,9.943600608046818,0.042,9.985600608046818,39.541135380370456,0.35300000000000004,39.89413538037046,39.89417084187453,0.07,39.96413538037046,39.89416383982714,0.01,39.904135380370455,39.909137964104744,3,
215,0.10800000000000008,2.014977013718861,0.012,2.026977013718861,9.985606216354292,0.044,10.029606216354292,39.8941455525808,0.372,40.2661455525808,40.26618239123067,0.061,40.3271455525808,40.26617401203748,0.01,40.2761455525808,40.2811481117081,3,
216,0.10850000000000008,2.0269792752487437,0.012,2.0389792752487437,10.029611824661766,0.055,10.084611824661765,40.26615600999331,0.332,40.59815600999331,40.5981907829245,0.081,40.679156009993314,40.59818394725813,0.01,40.60815600999331,40.6131585937276,3,
217,0.10900000000000008,2.038981515642833,0.01,2.048981515642833,10.08461738055515,0.041,10.12561738055515,40.59816646740582,0.164,40.76216646740582,40.76220433891503,0.098,40.86016646740582,40.762192576999105,0.011,40.77316646740582,40.77816902653312,3,
218,0.10950000000000008,2.0489837983085084,0.009,2.0579837983085083,10.12562277920627,0.052,10.177622779206269,40.76217673468355,0.235,40.99717673468355,40.997212196187625,0.108,41.105176734683546,40.997203888660565,0.009,41.00617673468355,41.01117941684581,3,
219,0.11000000000000008,2.057985933023631,0.01,2.067985933023631,10.177628335099653,0.048,10.225628335099653,40.99718633648958,0.398,41.39518633648958,41.39522076513432,0.061,41.45618633648958,41.3952142737544,0.012,41.40718633648958,41.41218884640289,3,
220,0.11050000000000008,2.067988067738754,0.009,2.0769880677387538,10.225633786164861,0.05,10.275633786164862,41.3951966988347,0.34800000000000003,41.7431966988347,41.743234570343915,0.105,41.8481966988347,41.743225419387315,0.011,41.754196698834704,41.75919928256899,3,
221,0.11100000000000008,2.076990392676016,0.012,2.088990392676016,10.275639289644158,0.05,10.325639289644158,41.743206395708114,0.383,42.12620639570812,42.12624220149864,0.07,42.19620639570812,42.12623354968513,0.009,42.13520639570812,42.14020907787038,3,
222,0.11150000000000009,2.088992548526932,0.011,2.099992548526932,10.325644635881188,0.043,10.368644635881187,42.12621656791846,0.074,42.20021656791846,42.200254439427674,0.105,42.30521656791846,42.20024528847107,0.009,42.20921656791846,42.21421915165275,3,
223,0.11200000000000009,2.0999948734641944,0.011,2.1109948734641946,10.368650296602748,0.058,10.426650296602748,42.20022616972449,0.276,42.47622616972449,42.476264041233705,0.112,42.58822616972449,42.476253323701506,0.01,42.48622616972449,42.49122875345878,3,
224,0.11250000000000009,2.1109970504509037,0.012,2.1229970504509037,10.426655852496133,0.047,10.473655852496133,42.476236627137,0.241,42.717236627137,42.717274154359764,0.06,42.777236627137,42.71726482549774,0.009,42.726236627137,42.7312391616573,3,
225,0.11300000000000009,2.122999164030233,0.012,2.134999164030233,10.473661198733163,0.04,10.513661198733162,42.71724613387564,0.369,43.08624613387564,43.08628159537972,0.08,43.16624613387564,43.086272765660794,0.011,43.09724613387564,43.102248643788954,3,
226,0.11350000000000009,2.135001467831702,0.005,2.140001467831702,10.513666492556105,0.05,10.563666492556106,0,0,0,0,0,0,10.563694168724988,0.01,10.573666492556105,10.578669100897388,2,
227,0.11400000000000009,2.1400037927689644,0.01,2.150003792768964,10.56367173396496,0.05,10.61367173396496,43.08625659128815,0.40800000000000003,43.49425659128815,43.49429101993289,0.115,43.60925659128815,43.494283745265164,0.009,43.50325659128815,43.5082592980574,3,
228,0.11450000000000009,2.1500059063482935,0.012,2.1620059063482935,10.613677027787903,0.04,10.653677027787902,43.49426666843111,0.24,43.73426666843111,43.73430212993519,0.103,43.83726666843111,43.734294344599995,0.012,43.74626666843111,43.751269129130435,3,
229,0.11500000000000009,2.162008104470796,0.01,2.172008104470796,10.653682636095375,0.048,10.701682636095375,43.734276840641456,0.30600000000000005,44.040276840641454,44.04031436786422,0.07,44.110276840641454,44.0403050390022,0.011,44.05127684064146,44.056279399768755,3,
230,0.11550000000000009,2.1720103871364715,0.004,2.1760103871364715,0,0,0,0,0,0,0,0,0,0,0,0,2.1810130446917393,1,
231,0.11600000000000009,2.176012669802147,0.006,2.182012669802147,10.701687929918318,0.054,10.755687929918318,0,0,0,0,0,0,10.755714300607536,0.009,10.764687929918319,10.769690415224634,2,
232,0.11650000000000009,2.182014846788856,0.012,2.194014846788856,10.755693328569437,0.06,10.815693328569438,44.040286347380096,0.13,44.1702863473801,44.170321808884175,0.112,44.2822863473801,44.17031428464492,0.012,44.1822863473801,44.187288980328375,3,
233,0.11700000000000009,2.194017150590325,0.006,2.200017150590325,10.815698884462822,0.051,10.866698884462823,0,0,0,0,0,0,10.866727082823571,0.01,10.876698884462822,10.881701369769138,2,
234,0.11750000000000009,2.2000193487128277,0.006,2.2060193487128275,10.866704492770296,0.054,10.920704492770296,0,0,0,0,0,0,10.920731385651381,0.007,10.927704492770296,10.932706978076611,2,
235,0.11800000000000009,2.20602161024271,0.012,2.21802161024271,10.920710205905946,0.055,10.975710205905946,44.17029661465783,0.266,44.43629661465783,44.4363327647348,0.105,44.541296614657824,44.43632533521044,0.011,44.44729661465783,44.452299321427084,3,
236,0.11850000000000009,2.2180238717725924,0.009,2.2270238717725923,10.975715866627507,0.048,11.023715866627507,44.43630612139647,0.119,44.55530612139647,44.555343992905684,0.111,44.66630612139647,44.555332753181624,0.011,44.56630612139647,44.571308803558736,3,
237,0.11900000000000009,2.227026006487715,0.007,2.2340260064877153,11.023721212864537,0.059,11.082721212864536,0,0,0,0,0,0,11.08274993341715,0.009,11.091721212864536,11.096723796598825,2,
238,0.11950000000000009,2.234028268017598,0.01,2.2440282680175976,11.082726978414275,0.043,11.125726978414274,44.55531657880898,0.209,44.76431657880898,44.7643530731724,0.092,44.85631657880898,44.76434347169006,0.01,44.77431657880898,44.77931916254327,3,
239,0.12000000000000009,2.2440305718190667,0.006,2.2500305718190665,11.125732639135835,0.047,11.172732639135836,0,0,0,0,0,0,11.172759009825054,0.01,11.182732639135835,11.187735222870124,2,
240,0.1205000000000001,2.2500328756205357,0.01,2.2600328756205355,11.172738090201044,0.05,11.222738090201045,44.764326751019325,0.304,45.06832675101933,45.0683629010963,0.084,45.15232675101933,45.06835338280448,0.011,45.07932675101933,45.084329408574604,3,
241,0.1210000000000001,2.2600350526072446,0.011,2.2710350526072447,11.222743541266253,0.057,11.279743541266253,45.06833701829706,0.248,45.316337018297055,45.31637420123337,0.106,45.42233701829706,45.316363388986275,0.011,45.32733701829706,45.33233972506631,3,
242,0.1215000000000001,2.271037229593954,0.011,2.282037229593954,11.279749201987814,0.056,11.335749201987813,45.31634681023785,0.33599999999999997,45.65234681023785,45.65238123888259,0.086,45.73834681023785,45.6523750085986,0.012,45.66434681023785,45.669349467793126,3,
243,0.1220000000000001,2.28203938544487,0.012,2.29403938544487,11.335754915123463,0.049,11.384754915123462,45.65235679231343,0.401,46.05335679231343,46.053392253817506,0.107,46.16035679231343,46.05338472957825,0.011,46.06435679231343,46.06935937604772,3,
244,0.1225000000000001,2.294041689246339,0.009,2.303041689246339,11.38476036618867,0.045,11.42976036618867,46.05336658425423,0.36100000000000004,46.414366584254225,46.41440411147699,0.061,46.475366584254225,46.414393999327174,0.011,46.42536658425423,46.430369143381526,3,
245,0.1230000000000001,2.3030438873688417,0.009,2.3120438873688416,11.429765869667966,0.042,11.471765869667966,46.41437637619502,0.395,46.809376376195026,46.8094118376991,0.116,46.925376376195025,46.809404835651705,0.01,46.819376376195024,46.82437898453631,3,
246,0.1235000000000001,2.3120460220839645,0.01,2.3220460220839643,11.471771373147261,0.045,11.516771373147261,46.809386643472756,0.143,46.95238664347276,46.95242210497683,0.106,47.05838664347276,46.95241275306604,0.009,46.96138664347276,46.966389202600055,3,
247,0.1240000000000001,2.322048220206467,0.007,2.329048220206467,11.516776719384291,0.043,11.55977671938429,0,0,0,0,0,0,11.559805439936904,0.01,11.56977671938429,11.574779278511587,2,
248,0.1245000000000001,2.329050376057383,0.011,2.340050376057383,11.559782327691764,0.044,11.603782327691764,46.952396245278784,0.334,47.28639624527879,47.28643205106931,0.083,47.369396245278786,47.28642261596801,0.01,47.296396245278785,47.30139890283406,3,
249,0.12500000000000008,2.340052658723059,0.006,2.3460526587230586,0,0,0,0,0,0,0,0,0,0,0,0,2.351055291671333,1,
